path_type,company_count,percentage
單階段,2041,57.83508075942193
多階段,1488,42.16491924057807
