top_stage,order_count,total_revenue,avg_revenue,stage_rank
A,11156,3681778764.0,330026.78056651127,1
B,6805,2681169565.0,393999.9360764144,2
C1,2485,732411021.0,294732.8052313883,3
C2,2169,853551222.0,393522.92392807745,4
D,4173,1975250156.0,473340.5597891205,5
E,940,423911826.0,450970.02765957447,6
none,28338,13831320391.0,488083.8588114899,7
